אסמכתא,חודש,חברה,מחלקה,חשבון,סכום,מטבע
GL-2026-0001,2026-01,ent_demo,sales,6000,12000.00,USD
GL-2026-0002,2026-01,ent_demo,ops,6100,7500.00,USD
GL-2026-0003,2026-01,ent_demo,sales,4000,50000.00,USD
GL-2026-0004,2026-02,ent_demo,sales,6000,11000.00,USD
GL-2026-0005,2026-02,ent_demo,ops,6100,8200.00,USD
GL-2026-0006,2026-02,ent_demo,sales,4000,47000.00,USD
GL-2026-0007,2026-03,ent_demo,sales,6000,10500.00,USD
GL-2026-0008,2026-03,ent_demo,ops,6100,7900.00,USD
GL-2026-0009,2026-03,ent_demo,sales,4000,52000.00,USD
GL-2026-0010,2026-04,ent_demo,sales,6000,9800.00,USD
GL-2026-0011,2026-04,ent_demo,ops,6100,8300.00,USD
GL-2026-0012,2026-04,ent_demo,sales,4000,49500.00,USD
GL-2026-0013,2026-05,ent_demo,sales,6000,10400.00,USD
GL-2026-0014,2026-05,ent_demo,ops,6100,8100.00,USD
GL-2026-0015,2026-05,ent_demo,ops,6200,1250.50,USD
GL-2026-0016,2026-05,ent_demo,sales,4000,51000.00,USD
GL-2026-0017,2026-06,ent_demo,sales,6000,11200.75,USD
GL-2026-0018,2026-06,ent_demo,ops,6100,7950.00,USD
GL-2026-0019,2026-06,ent_demo,sales,4000,53000.00,USD
